,importance
FLAG_OWN_CAR,0.3992827694506105
WEAK_FEATURE_2,0.38049877032023977
CREDIT_CARD_36_MONTH_AMT_INST_MIN_REGULARITY_mean,0.37303989120614967
POS_CASH_GENERAL_CNT_INSTALMENT_FUTURE_sum,0.36204984095927284
INSTALLMENTS_PAYMENT_LAST_30_DAYS_sum,0.3483924059467063
DAYS_EMPLOYED,0.3353905984200541
days_employed_percentage,0.31813999738303067
PREV_APP_PREV_ANNUITY_PAYMENT_PRODUCT_MEAN,0.3012502014478433
WEAK_FEATURE,0.29373495637557384
BUREAU_GENERAL_SK_ID_BUREAU_count,0.2892751717306212
PREV_APP_APPROVED_CREDIT_DOWNPAYMENT_MEAN,0.28245046127202983
PREV_APP_APPROVED_ANNUITY_PAYMENT_PRODUCT_SUM,0.28207315068994854
WEAK_FEATURE_3,0.28002217050173184
POS_CASH_GENERAL_COUNT_SK_DPD_DEF_mean,0.2737203223062748
OWN_CAR_AGE,0.2558714218989544
BUREAU_ACTIVE_AMT_CREDIT_SUM,0.24673721172742294
INSTALLMENTS_EARLY_std,0.24085760477972817
CREDIT_CARD_AMT_PAYMENT_TOTAL_CURRENT_std,0.23847296152996914
BUREAU_AMT_CREDIT_MEAN_x,0.23576866554477927
POS_CASH_GENERAL_SK_DPD_DEF_var,0.2228227546179854
PREV_APP_APPROVED_AMT_GOODS_PRICE_MIN,0.22120552103091842
PREV_APP_REFUSED_AMT_CREDIT_SUM,0.2151693392872367
CREDIT_CARD_36_MONTH_AMT_CREDIT_LIMIT_ACTUAL_std,0.2145839258498548
PREV_APP_APPROVED_CREDIT_DOWNPAYMENT_MAX,0.21126426640851853
CREDIT_CARD_6_MONTH_AMT_CREDIT_LIMIT_ACTUAL_mean,0.20532715554548372
PREV_APP_APPROVED_ANNUITY_PAYMENT_PRODUCT_MEAN,0.2027542214111658
INSTALLMENTS_PAYMENT_EARLYNESS_LAST_730_DAYS_std,0.2012017653027319
INSTALLMENTS_EARLYNESS_LAST_730_DAYS_std,0.2012017653027319
PREV_APP_APPROVED_CREDIT_DOWNPAYMENT_MIN,0.19887038896840661
INSTALLMENTS_PAYMENT_LAST_730_DAYS_sum,0.19800363090338152
PREV_APP_REFUSED_AMT_CREDIT_MEAN,0.1963064214441801
DAYS_BIRTH,0.1945257857237012
BUREAU_SUM_CONSUMER_CREDIT,0.19106571924271035
POS_CASH_GENERAL_SK_DPD_DEF_sum,0.1866757290410668
INSTALLMENTS_PAYMENT_LAST_90_DAYS_std,0.18371412390462621
PREV_APP_PREV_AMT_APPLICATION_STD,0.18170675854768628
PREV_APP_APPROVED_AMT_APPLICATION_MEAN,0.18136200461278096
PREV_APP_PREV_AMT_ANNUITY_SUM,0.17912955340956854
CREDIT_CARD_AMT_CREDIT_LIMIT_ACTUAL_std,0.17907887937195385
PREV_APP_PREV_AMT_CREDIT_MEAN,0.17884690206077442
INSTALLMENTS_PAYMENT_LAST_30_DAYS_mean,0.1786797937472413
POS_CASH_GENERAL_SK_DPD_DEF_max,0.17818453988146363
PREV_APP_PREV_CNT_PAYMENT_MEAN,0.1777813767166672
POS_CASH_NOT_COMPLETED_CNT_INSTALMENT_FUTURE,0.17744116370513324
FLOORSMIN_MEDI,0.17500066453303156
PREV_APP_REFUSED_AMT_CREDIT_MIN,0.17484158705940908
PREV_APP_APPROVED_CREDIT_DOWNPAYMENT_SUM,0.17426397118058123
PREV_APP_APPROVED_DOWN_PAYMENT_RATIO_MAX,0.17135937403624507
PREV_APP_REFUSED_AMT_ANNUITY_MEAN,0.16872886402316778
PREV_APP_PREV_NAME_CONTRACT_STATUS_Approved_SUM,0.16801678178943386
CREDIT_CARD_AMT_INST_MIN_REGULARITY_mean,0.16680191132480435
CREDIT_CARD_6_MONTH_AMT_BALANCE_sum,0.16545993210600804
OBS_60_CNT_SOCIAL_CIRCLE,0.16447203481574835
LANDAREA_MODE,0.1644635816446436
CREDIT_CARD_36_MONTH_AMT_DRAWINGS_CURRENT_mean,0.16427760680050882
PREV_APP_APPROVED_AMT_CREDIT_MEAN,0.1639964109502785
INSTALLMENTS_PAYMENT_LAST_30_DAYS_std,0.16249710319950778
CODE_GENDER,0.1621310126621056
PREV_APP_APPROVED_GOODS_PRICE_RATIO_MEAN,0.16191918993918206
LANDAREA_MEDI,0.15888843970099048
REGION_RATING_CLIENT_W_CITY,0.15740500134427232
CREDIT_CARD_SUM_ALL_AMT_DRAWINGS_mean,0.1530528865557293
CREDIT_CARD_36_MONTH_AMT_PAYMENT_TOTAL_CURRENT_sum,0.15124634912630022
PREV_APP_REFUSED_AMT_GOODS_PRICE_MAX,0.15108828987453196
PREV_APP_APPROVED_NAME_CASH_LOAN_PURPOSE_XNA_SUM,0.15055121654499337
POS_CASH_GENERAL_SK_DPD_sum,0.14789166880144974
CREDIT_CARD_SUM_ALL_CNT_DRAWINGS_mean,0.14780016061826706
PREV_APP_PREV_NAME_CONTRACT_STATUS_Approved_MEAN,0.14476494468387918
PREV_APP_PREV_NAME_SELLER_INDUSTRY_Connectivity_MEAN,0.14392250918736618
PREV_APP_APPROVED_AMT_ANNUITY_SUM,0.14326550343699912
INSTALLMENTS_PAYMENT_LAST_60_DAYS_std,0.14283150349427334
PREV_APP_APPROVED_Insuranced_amt_credit_STD,0.14185530790778902
PREV_APP_APPROVED_APP_CREDIT_PERC_VAR,0.14179871427649154
POS_CASH_GENERAL_NUM_INSTALMENT_sum,0.13949839071731154
BASEMENTAREA_MODE,0.13944845942821285
CREDIT_CARD_MONTHS_BALANCE_count,0.13855466242711442
BUREAU_CLOSE,0.137087810049959
PREV_APP_PREV_NAME_SELLER_INDUSTRY_XNA_MEAN,0.1369225282928652
OBS_30_CNT_SOCIAL_CIRCLE,0.13598422902869312
CREDIT_CARD_CNT_DRAWINGS_CURRENT_mean,0.13595296584909936
ELEVATORS_MEDI,0.13566532359522163
PREV_APP_APPROVED_NAME_CONTRACT_TYPE_Consumer loans_SUM,0.13442246033346544
CREDIT_CARD_POSITIVE_CREDIT_sum,0.13367812557575132
CREDIT_CARD_36_MONTH_POSITIVE_CREDIT_sum,0.1334960907802073
PREV_APP_APPROVED_AMT_APPLICATION_STD,0.13238374076080342
PREV_APP_APPROVED_DURATION_MEAN,0.1321290291315339
PREV_APP_APPROVED_Insuranced_amt_application_STD,0.13169053352032922
POS_CASH_NOT_COMPLETED_LAST_12_MONTHS,0.13157358269195019
ELEVATORS_MODE,0.1314129158962833
CREDIT_CARD_AMT_PAYMENT_TOTAL_CURRENT_max,0.128176994472368
LIVINGAREA_AVG,0.12806437486902583
PREV_APP_PREV_AMT_CREDIT_STD,0.12773897321536742
NAME_INCOME_TYPE_Working,0.1272962388435517
PREV_APP_REFUSED_AMT_GOODS_PRICE_SUM,0.12628094317006813
INSTALLMENTS_PAYMENT_LAST_60_DAYS_mean,0.12588957490842073
PREV_APP_APPROVED_CNT_PAYMENT_SUM,0.12501107562070343
BASEMENTAREA_AVG,0.12482773235942712
PREV_APP_REFUSED_AMT_ANNUITY_MAX,0.12388319366386684
CREDIT_CARD_CNT_DRAWINGS_ATM_CURRENT_sum,0.12369111929025872
CREDIT_CARD_RAPID_ACCOUNT_TURNOVER_sum,0.12205778619147842
CREDIT_CARD_ACTIVE_sum,0.12182301624783903
INSTALLMENTS_MEAN_INSTALLMENT_LONG_TERM,0.12158510746494908
PREV_APP_APPROVED_LIFETIME_LOAN_SUM,0.12122523851526104
income_per_non_child,0.11990283529611342
POS_CASH_GENERAL_MEAN_SK_DPD_var,0.11926784076548319
EXT_SOURCE_2,0.11924568815966721
PREV_APP_APPROVED_ACTUAL_DURATION_MAX,0.1186093085790242
PREV_APP_PREV_RATIO_GOODS_TO_ANNUITY_MEAN,0.11842650181680564
PREV_APP_APPROVED_DURATION_SUM,0.11771870485555253
INSTALLMENTS_AMT_PAYMENT_sum_LONG_TERM,0.11728048128194318
PREV_APP_PREV_NAME_CONTRACT_STATUS_Refused_MEAN,0.11679288585778384
POS_CASH_NOT_COMPLETED_SK_DPD_DEF,0.11669124933244292
YEARS_BEGINEXPLUATATION_AVG,0.11603085757919092
PREV_APP_REFUSED_ANNUITY_PAYMENT_PRODUCT_MEAN,0.1159795770698691
POS_CASH_LONG_TERM_CNT_INSTALMENT,0.11578023570370169
PREV_APP_PREV_RATIO_APPLICATION_TO_ANNUITY_STD,0.11569771704129451
POS_CASH_GENERAL_SK_DPD_max,0.11558251128435028
CREDIT_DOWN_PAYMENT,0.11368686424993889
PREV_APP_APPROVED_CNT_PAYMENT_MEAN,0.11271944963118996
INSTALLMENTS_PAYMENT_EARLYNESS_LAST_730_DAYS_mean,0.11248542207087597
INSTALLMENTS_EARLYNESS_LAST_730_DAYS_mean,0.11248542207087597
CREDIT_CARD_12_MONTH_AMT_CREDIT_LIMIT_ACTUAL_min,0.11229454635408224
PREV_APP_APPROVED_AMT_CREDIT_STD,0.11180913690112672
CREDIT_CARD_12_MONTH_AMT_PAYMENT_TOTAL_CURRENT_std,0.1116940020454239
PREV_APP_APPROVED_APP_CREDIT_PERC_MAX,0.11050670157869925
PREV_APP_ratio_amt_application_insuranced,0.1100544329904545
CREDIT_CARD_36_MONTH_AMT_DRAWINGS_CURRENT_max,0.11004990368300466
AMT_ANNUITY,0.1098406355949468
PREV_APP_PREV_RATE_DOWN_PAYMENT_MAX,0.10925746257661437
INSTALLMENTS_PAYMENT_LAST_90_DAYS_max,0.10894203317308378
INSTALLMENTS_PAYMENT_LAST_730_DAYS_std,0.10849066098765411
FLOORSMIN_AVG,0.10747843642357904
CREDIT_CARD_36_MONTH_AMT_PAYMENT_TOTAL_CURRENT_mean,0.10711479285544363
CREDIT_CARD_6_MONTH_AMT_INST_MIN_REGULARITY_std,0.10647702406064223
PREV_APP_PREV_RATIO_GOODS_TO_ANNUITY_STD,0.1062725284861214
PREV_APP_PREV_RATE_DOWN_PAYMENT_MEAN,0.10569057213673524
CREDIT_CARD_6_MONTH_AMT_DRAWINGS_CURRENT_sum,0.10540842606421322
PREV_APP_APPROVED_DOWN_PAYMENT_RATIO_STD,0.10480643244613966
PREV_APP_APPROVED_Insuranced_amt_credit_MEAN,0.10478715048240296
PREV_APP_PREV_AMT_APPLICATION_MEAN,0.10455333998008122
PREV_APP_APPROVED_AMT_GOODS_PRICE_SUM,0.10409984643999505
PREV_APP_APPROVED_AMT_APPLICATION_SUM,0.10409984643999505
CREDIT_CARD_AMT_DRAWINGS_ATM_CURRENT_sum,0.10408493979724659
INSTALLMENTS_EARLYNESS_LAST_365_DAYS_sum,0.10384084675283192
INSTALLMENTS_PAYMENT_EARLYNESS_LAST_365_DAYS_sum,0.10384084675283192
CREDIT_CARD_36_MONTH_CNT_DRAWINGS_ATM_CURRENT_sum,0.10303902565129565
POS_CASH_GENERAL_COUNT_SK_DPD_DEF_var,0.1027720180482
PREV_APP_PREV_NAME_CONTRACT_TYPE_Consumer loans_SUM,0.10231619026676038
true_income_div_totalarea,0.10143774447352648
PREV_APP_PREV_CHURN_PREV_NaN_MEAN,0.10137585399568268
BUREAU_GENERAL_AMT_CREDIT_SUM_DEBT_sum,0.10124079306485406
PREV_APP_APPROVED_ANNUITY_PAYMENT_PRODUCT_STD,0.10066604447804077
true_income_div_totalarea2,0.10063581550531715
ext_sources_mean,0.10050479889270975
CREDIT_CARD_12_MONTH_AMT_DRAWINGS_CURRENT_max,0.10011523600318795
ext_sources_sum,0.09987490983619128
PREV_APP_PREV_AMT_GOODS_PRICE_STD,0.09951314995614619
YEARS_BUILD_MODE,0.09912083447797974
PREV_APP_PREV_NAME_CONTRACT_TYPE_Consumer loans_MEAN,0.09892770136284415
INSTALLMENTS_LAST_90_DAYS_sum,0.09874964382284931
PREV_APP_APPROVED_HIGH_DOWN_PAYMENT_SUM,0.09853382850730173
INSTALLMENTS_PAYMENT_LAST_90_DAYS_mean,0.09786219154370916
PREV_APP_APPROVED_AMT_APPLICATION_MAX,0.09693297321666035
CREDIT_CARD_36_MONTH_AMT_PAYMENT_TOTAL_CURRENT_std,0.09681657518866024
PREV_APP_REFUSED_AMT_GOODS_PRICE_MEAN,0.09675009714938719
PREV_APP_PREV_DOWN_PAYMENT_RATIO_STD,0.09669253482127017
credit_per_person,0.09561459728016218
CREDIT_CARD_36_MONTH_FLAG_UTILIZATION_LESS_50_sum,0.09552708923862549
CREDIT_CARD_AMT_DRAWINGS_CURRENT_max,0.09537278193508117
YEARS_BEGINEXPLUATATION_MEDI,0.09518134979493492
CREDIT_CARD_36_MONTH_AMT_BALANCE_sum,0.09510286612703321
CREDIT_CARD_AMT_CREDIT_LIMIT_ACTUAL_mean,0.09459627698638517
PREV_APP_PREV_ANNUITY_PAYMENT_PRODUCT_STD,0.09413486664453026
car_to_employ_ratio,0.09288987088452033
CREDIT_CARD_12_MONTH_AMT_BALANCE_sum,0.09217989491151463
INSTALLMENTS_PAYMENT_EARLYNESS_LAST_180_DAYS_mean,0.09170950017223616
INSTALLMENTS_EARLYNESS_LAST_180_DAYS_mean,0.09170950017223616
INSTALLMENTS_PAYMENT_LAST_90_DAYS_sum_LONG_TERM,0.09133130400562041
PREV_APP_APPROVED_AMT_CREDIT_MIN,0.09090957187895828
NEW_DOC_IND_KURT,0.09083082223568814
INSTALLMENTS_PAYMENT_LAST_90_DAYS_sum_SHORT_TERM,0.09021261060639837
DEF_30_CNT_SOCIAL_CIRCLE,0.08990423325689548
BUREAU_AMT_CREDIT_SUM_DEBT_x,0.08983713951307315
PREV_APP_PREV_HIGH_DOWN_PAYMENT_SUM,0.08976393769382561
PREV_APP_ratio_amt_credit_insuranced,0.08924834426608676
POS_CASH_GENERAL_LAST_12_MONTHS_sum,0.08922268790225904
BUREAU_GENERAL_AMT_CREDIT_SUM_LIMIT_sum,0.08900058715839868
PREV_APP_PREV_CNT_PAYMENT_SUM,0.08877206581569055
YEARS_BUILD_MEDI,0.08836527161874512
PREV_APP_REFUSED_AMT_APPLICATION_MIN,0.08812888163797317
PREV_APP_PREV_AMT_CREDIT_SUM,0.08783592518340363
CREDIT_CARD_AMT_CREDIT_LIMIT_ACTUAL_max,0.08783216608887509
CREDIT_CARD_FLAG_UTILIZATION_LESS_25_mean,0.08777588000709151
PREV_APP_PREV_AMT_DOWN_PAYMENT_STD,0.08766304259493121
BUREAU_DEBT_CREDIT_RATIO,0.08671171423925036
EXT_SOURCE_3,0.08617862168999413
BUREAU_SUM_DEBT_CONSUMER_CREDIT,0.08596117420368739
POS_CASH_GENERAL_CNT_INSTALMENT_sum,0.08587794835885103
CREDIT_CARD_AMT_DRAWINGS_CURRENT_std,0.08508113585922422
CREDIT_CARD_36_MONTH_AMT_INST_MIN_REGULARITY_std,0.08480936461109521
NONLIVINGAPARTMENTS_MEDI,0.08459019861675816
PREV_APP_PREV_AMT_GOODS_PRICE_MEAN,0.08415297418105289
PREV_APP_PREV_NAME_SELLER_INDUSTRY_Consumer electronics_MEAN,0.08362661892251153
FLOORSMAX_MODE,0.08336255742651281
BUREAU_ACTIVE_SUM_CREDIT_30_DAYS,0.08332752028379031
PREV_APP_PREV_APP_CREDIT_PERC_MIN,0.08310251231692034
PREV_APP_APPROVED_ACTUAL_DURATION_MEAN,0.0827653471971563
POS_CASH_SHORT_TERM_SK_DPD_DEF,0.0824476636736957
INSTALLMENTS_PAYMENT_LAST_365_DAYS_max,0.08223717571376041
INSTALLMENTS_PAYMENT_EARLYNESS_LAST_730_DAYS_max,0.08223039590336732
INSTALLMENTS_EARLYNESS_LAST_730_DAYS_max,0.08223039590336732
COMMONAREA_MODE,0.08166611083310313
POS_CASH_GENERAL_MONTHS_BALANCE_max,0.08164309789219662
PREV_APP_PREV_AMT_CREDIT_MAX,0.08147024131170491
INSTALLMENTS_EARLY_sum_LONG_TERM,0.08110525388576437
PREV_APP_REFUSED_RATIO_APPLICATION_TO_ANNUITY_MEAN,0.0808367886201001
CREDIT_CARD_CNT_DRAWINGS_CURRENT_sum,0.08073639925810719
true_annuity_div_income,0.0803571741240734
EXT_SOURCE_1,0.08032854446727065
INSTALLMENTS_PAYMENT_LAST_365_DAYS_std,0.08005376916081094
INSTALLMENTS_LAST_180_DAYS_sum_LONG_TERM,0.07971904292935982
PREV_APP_APPROVED_AMT_GOODS_PRICE_MAX,0.07943610620712248
PREV_APP_PREV_GOODS_PRICE_RATIO_MEAN,0.07870714106439512
INSTALLMENTS_LATE_max,0.07861331605431304
POS_CASH_GENERAL_COUNT_SK_DPD_sum,0.07855922832183726
POS_CASH_GENERAL_COUNT_SK_DPD_mean,0.0784656011334677
children_ratio,0.07766315407019776
CREDIT_CARD_6_MONTH_AMT_INST_MIN_REGULARITY_mean,0.07739659555145369
PREV_APP_PREV_AMT_DOWN_PAYMENT_MAX,0.07737183007532922
PREV_APP_APPROVED_AMT_GOODS_PRICE_MEAN,0.07662540416894816
CREDIT_CARD_AMT_DRAWINGS_CURRENT_mean,0.07662427491559291
BUREAU_CLOSE_LAST_180_DAYS,0.07656481851975226
PREV_APP_APPROVED_ACTUAL_DURATION_STD,0.07647966587583375
CREDIT_CARD_6_MONTH_FLAG_UTILIZATION_LESS_50_mean,0.0763895156033081
COMMONAREA_MEDI,0.07623757114672232
BUREAU_ACTIVE_LAST_1000_DAYS,0.07601742082342612
LIVINGAREA_MEDI,0.07582184473266962
PREV_APP_REFUSED_CNT_PAYMENT_MEAN,0.07559835134527165
PREV_APP_PREV_AMT_GOODS_PRICE_SUM,0.07550561941820917
CREDIT_CARD_12_MONTH_FLAG_UTILIZATION_LESS_50_sum,0.07548467207974531
INSTALLMENTS_PAYMENT_LAST_90_DAYS_sum,0.07507586818457632
income_ratio2,0.07503024429525408
PREV_APP_PREV_NAME_PAYMENT_TYPE_XNA_MEAN,0.07443040654986538
BUREAU_GENERAL_AVG_PAST_LOAN_PER_TYPE,0.07440462502371731
credit_to_annuity_ratio,0.0742721789334924
INSTALLMENTS_EARLYNESS_LAST_180_DAYS_sum,0.07416320734207628
INSTALLMENTS_PAYMENT_EARLYNESS_LAST_180_DAYS_sum,0.07416320734207628
BUREAU_GENERAL_AMT_CREDIT_MAX_OVERDUE_sum,0.07373669132406814
CREDIT_CARD_RAPID_ACCOUNT_TURNOVER_mean,0.07286170010023987
PREV_APP_PREV_NAME_PORTFOLIO_XNA_MEAN,0.07243570461775362
phone_to_birth_ratio,0.07242894976560743
PREV_APP_APPROVED_AMT_ANNUITY_MEAN,0.07216930248689186
PREV_APP_REFUSED_ANNUITY_PAYMENT_PRODUCT_SUM,0.07213452662373057
BUREAU_GENERAL_AMT_CREDIT_SUM_mean,0.07200878214509973
ORGANIZATION_TYPE_Self-employed,0.07191357498765003
FLOORSMAX_AVG,0.07184039683403065
INSTALLMENTS_PAYMENT_LATENESS_LAST_180_DAYS_mean,0.07163158114979432
INSTALLMENTS_LATENESS_LAST_180_DAYS_mean,0.07163158114979432
PREV_APP_PREV_CHANNEL_TYPE_Channel of corporate sales_MEAN,0.07156857791526454
BUREAU_GENERAL_AMT_CREDIT_SUM_DEBT_mean,0.07146574053504115
PREV_APP_APPROVED_APP_CREDIT_PERC_MEAN,0.07104359471101307
PREV_APP_APPROVED_AMT_DOWN_PAYMENT_MEAN,0.07099520195382558
NAME_INCOME_TYPE_Commercial associate,0.07093901058383528
CREDIT_CARD_SUM_ALL_CNT_DRAWINGS_sum,0.07042298815680456
INSTALLMENTS_DIFF_max,0.07015435532837894
income_ratio,0.07004315166950277
BUREAU_Ratio C,0.06958272101367144
PREV_APP_PREV_WEEKDAY_APPR_PROCESS_START_WEEK_DAY_SUM,0.06952830390241004
PREV_APP_REFUSED_CREDIT_ANNUITY_RATIO_MEAN,0.06947682683930698
BUREAU_GENERAL_AMT_CREDIT_SUM_sum,0.06915271307279244
PREV_APP_PREV_AMT_APPLICATION_MAX,0.0689916841396994
PREV_APP_APPROVED_Insuranced_amt_application_SUM,0.0688193550598635
INSTALLMENTS_PAYMENT_LATENESS_LAST_365_DAYS_std,0.06859683672446672
CREDIT_CARD_CNT_DRAWINGS_ATM_CURRENT_mean,0.0684432174858794
PREV_APP_PREV_AMT_DOWN_PAYMENT_MIN,0.06839369380888205
credit_per_non_child,0.06825089004776028
DEBT_BURDEN_PER_LIFE_DAY,0.0682440991001834
income_credit_percentage,0.0681672376779777
NAME_FAMILY_STATUS_Civil marriage,0.06693329989320145
CREDIT_CARD_AMT_PAYMENT_TOTAL_CURRENT_mean,0.06685240904892598
NAME_CONTRACT_TYPE,0.06685136677286788
PREV_APP_APPROVED_LIFETIME_LOAN_MEAN,0.06677332389268684
PREV_APP_PREV_PRODUCT_COMBINATION_Cash X-Sell: low_MEAN,0.06647884572609432
CREDIT_CARD_36_MONTH_AMT_CREDIT_LIMIT_ACTUAL_mean,0.0660606612568643
LIVINGAPARTMENTS_MEDI,0.06597645621126585
DAYS_LAST_PHONE_CHANGE,0.06596207748729126
POS_CASH_NOT_COMPLETED_SK_DPD,0.06581500663516829
POS_CASH_GENERAL_LAST_36_MONTHS_sum,0.06531089920653967
PREV_APP_REFUSED_CNT_PAYMENT_SUM,0.0652991135634497
PREV_APP_REFUSED_RATE_DOWN_PAYMENT_MAX,0.06520271363284998
CREDIT_CARD_12_MONTH_CNT_DRAWINGS_CURRENT_sum,0.06513724874890546
PREV_APP_REFUSED_AMT_DOWN_PAYMENT_STD,0.06448384316490667
INSTALLMENTS_DIFF_std,0.0644160210305855
AMT_INCOME_TOTAL,0.06422511454472465
PREV_APP_PREV_RATE_DOWN_PAYMENT_MIN,0.06378688224707713
BUREAU_CLOSE_LAST_365_DAYS,0.06372792576896787
FLOORSMIN_MODE,0.06359976627572927
HAS_DOCUMENT,0.06320885369476678
CREDIT_CARD_6_MONTH_CNT_DRAWINGS_ATM_CURRENT_sum,0.06320415934449589
LIVINGAREA_MODE,0.0630631260130401
PREV_APP_APPROVED_AMT_GOODS_PRICE_STD,0.06265660981535875
PREV_APP_PREV_APP_CREDIT_PERC_MEAN,0.06230714738378774
PREV_APP_REFUSED_RATIO_APPLICATION_TO_ANNUITY_STD,0.06193722981612664
ext_sources_var,0.061693028312453935
CREDIT_CARD_FLAG_UTILIZATION_LESS_100_mean,0.06166704324662688
PREV_APP_APPROVED_GOODS_PRICE_RATIO_STD,0.06166116200238015
INSTALLMENTS_COUNT_sum,0.06128242110724932
POS_CASH_GENERAL_COUNT_SK_DPD_max,0.061213677354087184
INSTALLMENTS_LATENESS_LAST_90_DAYS_sum,0.06092306054653066
PREV_APP_PREV_NAME_PAYMENT_TYPE_Cash through the bank_MEAN,0.06058382790360067
PREV_APP_REFUSED_AMT_APPLICATION_MEAN,0.06057846382234332
BUREAU_CLOSE_AMT_CREDIT_SUM,0.05939833800608414
POS_CASH_SHORT_TERM_NUM_INSTALMENT,0.058115783971411344
BUREAU_SUM_MICROLOAN,0.058022468050017637
BUREAU_GENERAL_AMT_CREDIT_SUM_LIMIT_mean,0.05779402495049012
POS_CASH_SHORT_TERM_SK_DPD,0.05768804487046176
PREV_APP_REFUSED_AMT_DOWN_PAYMENT_MEAN,0.057416488062613395
PREV_APP_REFUSED_APP_CREDIT_PERC_MEAN,0.05735369737467885
PREV_APP_PREV_CHANNEL_TYPE_Credit and cash offices_MEAN,0.05721406491353584
annuity_income_percentage,0.057109398875277585
ANNUITY_INCOME_PERC,0.057109398875277585
INSTALLMENTS_INSTALLMENT_PAYMENT_DIFF_LAST_365_DAYS_std,0.0571038023108755
LIVE_REGION_NOT_WORK_REGION,0.05660723667483235
BUREAU_ACTIVE_SUM_CREDIT_LIFE_TIME,0.05660314535014355
ORGANIZATION_TYPE_Business Entity,0.05658877426392352
NONLIVINGAPARTMENTS_MODE,0.0562742956396809
PREV_APP_APPROVED_FINISH_RATE_MEAN,0.05624018868732804
PREV_APP_PREV_NAME_PRODUCT_TYPE_walk-in_MEAN,0.055843519248925014
PREV_APP_PREV_AMT_ANNUITY_STD,0.055516455366497124
CREDIT_CARD_12_MONTH_AMT_INST_MIN_REGULARITY_max,0.05550679225932028
CREDIT_CARD_12_MONTH_AMT_PAYMENT_TOTAL_CURRENT_sum,0.05536251845875986
POS_CASH_LONG_TERM_NUM_INSTALMENT,0.05534243515260484
PREV_APP_PREV_PRODUCT_COMBINATION_Cash Street: low_MEAN,0.05513678693207566
BUREAU_ACTIVE_SUM_CREDIT_180_DAYS,0.05499609528557329
PREV_APP_APPROVED_HOUR_APPR_PROCESS_START_working_hours_SUM,0.05492451831016621
PREV_APP_APPROVED_DURATION_MIN,0.0549205769914708
LIVINGAPARTMENTS_MODE,0.05476777406227731
BUREAU_ACTIVE_AMT_CREDIT_SUM_LIMIT,0.05465865764204369
REGION_RATING_CLIENT,0.0541555835877058
PREV_APP_PREV_CREDIT_ANNUITY_RATIO_MEAN,0.054099596587581116
PREV_APP_previous_application_days_decision_about_last_1_credits_mean,0.05401767968902996
BUREAU_SUM_OVERDUE_CARD,0.05340070327081803
BUREAU_SUM_DEBT_CARD,0.05306459873907214
CREDIT_CARD_AMT_PAYMENT_TOTAL_CURRENT_sum,0.05299017386562439
PREV_APP_PREV_NAME_CONTRACT_STATUS_Refused_SUM,0.05285219523251347
POS_CASH_SHORT_TERM_SK_ID_PREV,0.052739481475580885
PREV_APP_APPROVED_RATIO_APPLICATION_TO_ANNUITY_STD,0.05267727834156892
INSTALLMENTS_LATE_std,0.05228923230282952
NONLIVINGAPARTMENTS_AVG,0.05224583216516232
BUREAU_GENERAL_BUREAU_CREDIT_DEBT_RATIO_var,0.05222442072226067
BUREAU_GENERAL_AMT_CREDIT_SUM_OVERDUE_sum,0.052065563261575715
BUREAU_ACTIVE_LAST_180_DAYS,0.051888597537702016
BUREAU_SUM_DEBT_MORTGAGE,0.05158846846164791
PREV_APP_PREV_NAME_PORTFOLIO_POS_MEAN,0.05144988827246552
POS_CASH_SHORT_TERM_LAST_12_MONTHS,0.051216922460012596
BUREAU_GENERAL_DEBT_PERCENTAGE_mean,0.05094477733639231
PREV_APP_previous_application_term_of_last_5_credits_mean,0.05064349958729145
CREDIT_CARD_6_MONTH_AMT_PAYMENT_TOTAL_CURRENT_sum,0.0505695404152802
DEBT_BURDEN_PER_WORKING_DAY,0.050325780288600463
PREV_APP_REFUSED_AMT_ANNUITY_STD,0.05015199395887142
CREDIT_CARD_AMT_DRAWINGS_ATM_CURRENT_std,0.05012149467580684
INSTALLMENTS_EARLYNESS_LAST_365_DAYS_mean,0.04951007640427654
INSTALLMENTS_PAYMENT_EARLYNESS_LAST_365_DAYS_mean,0.04951007640427654
APARTMENTS_MEDI,0.04913565708403874
FLAG_WORK_PHONE,0.048825530087639755
REG_REGION_NOT_WORK_REGION,0.04849515837277985
PREV_APP_APPROVED_RATIO_GOODS_TO_ANNUITY_STD,0.04848045433795342
PREV_APP_PREV_AMT_DOWN_PAYMENT_SKEW,0.0482455041731817
PREV_APP_REFUSED_AMT_APPLICATION_MAX,0.04768967240739955
BUREAU_CLOSE_SUM_CREDIT_LIFE_TIME,0.04757687339916986
INSTALLMENTS_PAYMENT_LAST_60_DAYS_sum,0.0471010848733078
INSTALLMENTS_PAYMENT_LAST_180_DAYS_sum_SHORT_TERM,0.046511662478067255
PREV_APP_PREV_AMT_ANNUITY_MAX,0.0458138835208172
INSTALLMENTS_EARLYNESS_LAST_730_DAYS_sum,0.045492482700341216
INSTALLMENTS_PAYMENT_EARLYNESS_LAST_730_DAYS_sum,0.045492482700341216
BUREAU_AMT_CREDIT_MEAN_y,0.045458531687110705
CREDIT_CARD_12_MONTH_AMT_CREDIT_LIMIT_ACTUAL_std,0.045307100267182716
INSTALLMENTS_PAYMENT_LAST_365_DAYS_mean,0.04518326311327185
BUREAU_GENERAL_ENDDATE_DIF_mean,0.04501510781695237
POS_CASH_GENERAL_SK_DPD_DEF_mean,0.044758784543144366
true_annuity_div_income2,0.044745303236227905
INSTALLMENTS_LAST_365_DAYS_sum_SHORT_TERM,0.04457918163237905
LIVINGAPARTMENTS_AVG,0.04456802805566468
CREDIT_CARD_FLAG_UTILIZATION_LESS_25_sum,0.04433979529277333
TOTALAREA_MODE,0.04424264728935702
POS_CASH_GENERAL_MEAN_SK_DPD_max,0.04420883389085325
INSTALLMENTS_LAST_60_DAYS_sum,0.0440387175154936
PREV_APP_APPROVED_ACTUAL_DURATION_MIN,0.04387108091341158
CREDIT_GOODS_PRICE_RATIO2,0.04362353678432654
PREV_APP_APPROVED_DURATION_STD,0.043547629162802505
CNT_CHILDREN,0.04353462900070186
PREV_APP_PREV_PRODUCT_COMBINATION_POS mobile with interest_MEAN,0.04311019663312451
POS_CASH_NOT_COMPLETED_LAST_36_MONTHS,0.04292527964701988
REG_CITY_NOT_LIVE_CITY,0.04277400158643733
INSTALLMENTS_INSTALLMENT_PAYMENT_DIFF_LAST_180_DAYS_sum,0.0426469996355344
ORGANIZATION_TYPE_Construction,0.042632114518995214
INSTALLMENTS_INSTALLMENT_PAYMENT_DIFF_sum,0.04254015205428265
PREV_APP_APPROVED_ACTUAL_DURATION_SUM,0.04252043249736548
BUREAU_Ratio 0,0.042498015027772514
NEW_DOC_IND_AVG,0.042490567355984984
DOCUMENT_COUNT,0.04249056735592734
PREV_APP_REFUSED_RATIO_GOODS_TO_ANNUITY_STD,0.042443367456990906
APARTMENTS_AVG,0.042424401703680704
BUREAU_ACTIVE_LIFE_TIME_CREDIT,0.04211443276779226
BUREAU_SUM_OVERDUE_CONSUMER_CREDIT,0.042026687275952046
REG_REGION_NOT_LIVE_REGION,0.041919224771291536
PREV_APP_REFUSED_AMT_CREDIT_MAX,0.04167065042547944
CREDIT_CARD_PRINCIPIAL_RATE_sum,0.04155289757530656
CREDIT_CARD_UTILIZATION_sum,0.04150626988012098
NAME_INCOME_TYPE_State servant,0.0414845426475943
PREV_APP_APPROVED_ACTUAL_DURATION_SKEW,0.04074766683691148
YEARS_BEGINEXPLUATATION_MODE,0.04059670503395921
PREV_APP_REFUSED_AMT_DOWN_PAYMENT_MIN,0.04042403168611756
INSTALLMENTS_LAST_730_DAYS_sum_SHORT_TERM,0.0403931170695431
NAME_EDUCATION_TYPE,0.04020889090532938
BUREAU_ACTIVE_SUM_DEBT_LIFE_TIME,0.03990959812661512
INSTALLMENTS_LATENESS_LAST_180_DAYS_std,0.03979407667894903
CREDIT_CARD_12_MONTH_AMT_PAYMENT_TOTAL_CURRENT_mean,0.039757098020694104
PREV_APP_PREV_AMT_GOODS_PRICE_MIN,0.03973968737340347
BUREAU_GENERAL_UTILIZATION_RATIO_mean,0.039700755626056745
PREV_APP_PREV_RATE_DOWN_PAYMENT_VAR,0.03962666453512227
PREV_APP_REFUSED_AMT_ANNUITY_MIN,0.03960331708152147
ENTRANCES_AVG,0.038823365601852046
INSTALLMENTS_PAYMENT_LATENESS_LAST_180_DAYS_sum,0.038696008933486216
INSTALLMENTS_LATENESS_LAST_180_DAYS_sum,0.038696008933486216
PREV_APP_PREV_AMT_ANNUITY_MIN,0.03855273901975435
credit_to_goods_ratio,0.03835081593597098
CREDIT_GOODS_PRICE_RATIO1,0.03835081593595922
INSTALLMENTS_PAYMENT_LATENESS_LAST_365_DAYS_sum,0.0381624797035856
INSTALLMENTS_LATENESS_LAST_365_DAYS_sum,0.0381624797035856
PREV_APP_APPROVED_AMT_DOWN_PAYMENT_SKEW,0.03805149209748874
INSTALLMENTS_EARLY_sum_SHORT_TERM,0.03802907828917779
FLOORSMAX_MEDI,0.03790087255356039
PREV_APP_PREV_NAME_PRODUCT_TYPE_x-sell_MEAN,0.03789189994635681
INSTALLMENTS_EARLY_sum,0.03749952351930829
PREV_APP_APPROVED_RATIO_APPLICATION_TO_ANNUITY_MEAN,0.0373939145698577
ORGANIZATION_TYPE_Realtor,0.03626890619776107
car_to_birth_ratio,0.036217515649142024
REGION_POPULATION_RELATIVE,0.036179432139385244
INSTALLMENTS_DAYS_ENTRY_PAYMENT_max,0.03592629196617893
PREV_APP_APPROVED_AMT_DOWN_PAYMENT_STD,0.03582942249279238
INSTALLMENTS_INSTALLMENT_PAYMENT_DIFF_LAST_730_DAYS_mean,0.035201343464999736
PREV_APP_APPROVED_FINISH_RATE_STD,0.03518494372377564
INSTALLMENTS_INSTALLMENT_PAYMENT_DIFF_LAST_365_DAYS_max,0.03512646326455675
CREDIT_CARD_FLAG_UTILIZATION_MORE_100_mean,0.03469936147628592
PREV_APP_REFUSED_DAYS_DECISION_MEAN,0.034556645992382715
BUREAU_AMT_CREDIT_DEBT_MEAN_x,0.03431372551661074
NONLIVINGAREA_MEDI,0.03408711186840783
BUREAU_Ratio X,0.033907598399209565
PREV_APP_REFUSED_RATIO_GOODS_TO_ANNUITY_MEAN,0.03380629930338253
PREV_APP_PREV_PRODUCT_COMBINATION_Cash X-Sell: high_MEAN,0.033707727139187994
CREDIT_CARD_6_MONTH_AMT_DRAWINGS_CURRENT_max,0.033577397558182065
PREV_APP_REFUSED_AMT_APPLICATION_SUM,0.03352614054378987
INSTALLMENTS_INSTALLMENT_PAYMENT_DIFF_LAST_730_DAYS_max,0.03339141505534441
CREDIT_CARD_AMT_INST_MIN_REGULARITY_nunique,0.03326991200110336
POS_CASH_LONG_TERM_SK_ID_PREV,0.03301925011410681
POS_CASH_GENERAL_CNT_INSTALMENT_var,0.0329257271789039
PREV_APP_PREV_CHANNEL_TYPE_Country-wide_MEAN,0.03281647436550249
PREV_APP_APPROVED_RATE_DOWN_PAYMENT_MAX,0.03272657684778072
PREV_APP_PREV_AMT_DOWN_PAYMENT_MEAN,0.03270300571561767
INSTALLMENTS_INSTALLMENT_PAYMENT_DIFF_LAST_180_DAYS_mean,0.032381834401129135
PCTG_ENQUIRIES_QRT,0.0323721756022924
PREV_APP_PREV_CODE_REJECT_REASON_SCO_SUM,0.032177182788452094
BUREAU_CLOSE_DAYS_CREDIT,0.03212488161697014
CREDIT_CARD_6_MONTH_CNT_DRAWINGS_CURRENT_sum,0.03199344901716157
NAME_FAMILY_STATUS_Widow,0.031973819913609106
NONLIVINGAREA_MODE,0.0315596347218445
PREV_APP_REFUSED_DAYS_DECISION_MAX,0.029869800014417185
PREV_APP_APPROVED_GOODS_PRICE_RATIO_MAX,0.02969858956125356
PREV_APP_PREV_CODE_REJECT_REASON_HC_SUM,0.028587389852563195
PREV_APP_PREV_NAME_CLIENT_TYPE_Refreshed_MEAN,0.028422720512104444
DAYS_REGISTRATION,0.027854113094472884
PREV_APP_PREV_AMT_APPLICATION_SUM,0.02782342366575823
PREV_APP_APPROVED_RATE_DOWN_PAYMENT_MEAN,0.027392073161165466
CREDIT_CARD_FLAG_UTILIZATION_LESS_50_mean,0.02730575077765985
PREV_APP_PREV_NAME_GOODS_CATEGORY_Construction Materials_MEAN,0.02727111319346271
POS_CASH_GENERAL_LAST_3_MONTHS_sum,0.027071214183824428
BUREAU_ACTIVE_LAST_30_DAYS,0.026547150838523177
PREV_APP_REFUSED_RATE_DOWN_PAYMENT_MIN,0.02648841532733034
BUREAU_GENERAL_DAYS_CREDIT_min,0.026344855941144548
PREV_APP_APPROVED_APP_CREDIT_PERC_SKEW,0.026222743422481525
PREV_APP_PREV_CODE_REJECT_REASON_VERIF_SUM,0.02619102035313758
AMT_GOODS_PRICE,0.025766724269494716
INSTALLMENTS_LATENESS_LAST_90_DAYS_mean,0.025392928171966932
INSTALLMENTS_DIFF_sum,0.02418955069048501
INSTALLMENTS_EARLYNESS_LAST_180_DAYS_std,0.02395531195155514
PREV_APP_PREV_PRODUCT_COMBINATION_Cash_MEAN,0.022197599777599095
PREV_APP_REFUSED_AMT_APPLICATION_STD,0.022132764683916797
CREDIT_CARD_RATIO_ALL_AMT_DRAWINGS_TO_ALL_CNT_DRAWINGS_mean,0.020081145809739347
PREV_APP_PREV_CHANNEL_TYPE_Regional / Local_MEAN,0.019666077681253558
PREV_APP_PREV_AMT_CREDIT_SKEW,0.019094836078557637
PREV_APP_APPROVED_APP_CREDIT_PERC_MIN,0.01774412523650509
INSTALLMENTS_NUM_INSTALMENT_NUMBER_max,0.016892542832818942
PREV_APP_PREV_AMT_GOODS_PRICE_MAX,0.01665324243286574
PREV_APP_APPROVED_AMT_CREDIT_SUM,0.014799461466705254
POS_CASH_GENERAL_MEAN_SK_DPD_sum,0.014704126657912885
PREV_APP_PREV_AMT_DOWN_PAYMENT_SUM,0.014473470006358074
PREV_APP_PREV_NAME_CONTRACT_TYPE_Revolving loans_MEAN,0.011299317568195097
PREV_APP_PREV_CODE_REJECT_REASON_LIMIT_SUM,0.002313358047320671
CREDIT_CARD_FLAG_UTILIZATION_LESS_50_sum,0.0003201176089241197
